Country Name,Country Code,Indicator Name,Indicator Code,1960,1961,1962,1963,1964,1965,1966,1967,1968,1969,1970,1971,1972,1973,1974,1975,1976,1977,1978,1979,1980,1981,1982,1983,1984,1985,1986,1987,1988,1989,1990,1991,1992,1993,1994,1995,1996,1997,1998,1999,2000,2001,2002,2003,2004,2005,2006,2007,2008,2009,2010,2011,2012,2013,2014,2015,2016,2017,2018,2019,2020,2021,2022,2023,2024
Aruba,ABW,"Brecha de pobreza de 4,20 dólares al día (PPA de 2021) (%)",SI.POV.LMIC.GP,,,,,,,,,,,,,,,,,,,,,,,,,,,,,,,,,,,,,,,,,,,,,,,,,,,,,,,,,,,,,,,,,
,AFE,"Brecha de pobreza de 4,20 dólares al día (PPA de 2021) (%)",SI.POV.LMIC.GP,,,,,,,,,,,,,,,,,,,,,,,,,,,,,,,,,,,,,,,,,,,,,,,,,,,,,,,,,,,,,,,,,
Afganistán,AFG,"Brecha de pobreza de 4,20 dólares al día (PPA de 2021) (%)",SI.POV.LMIC.GP,,,,,,,,,,,,,,,,,,,,,,,,,,,,,,,,,,,,,,,,,,,,,,,,,,,,,,,,,,,,,,,,,
,AFW,"Brecha de pobreza de 4,20 dólares al día (PPA de 2021) (%)",SI.POV.LMIC.GP,,,,,,,,,,,,,,,,,,,,,,,,,,,,,,,,,,,,,,,,,,,,,,,,,,,,,,,,,,,,,,,,,
Angola,AGO,"Brecha de pobreza de 4,20 dólares al día (PPA de 2021) (%)",SI.POV.LMIC.GP,,,,,,,,,,,,,,,,,,,,,,,,,,,,,,,,,,,,,,,,,18,,,,,,,,13.5,,,,,,,,,,24.9,,,,,,
Albania,ALB,"Brecha de pobreza de 4,20 dólares al día (PPA de 2021) (%)",SI.POV.LMIC.GP,,,,,,,,,,,,,,,,,,,,,,,,,,,,,,,,,,,,,2.3,,,,,,3.1,,,1.9,,,0.9,,,,1.4,,2.7,0.9,1,1,0.7,0.3,0.3,,,,
Andorra,AND,"Brecha de pobreza de 4,20 dólares al día (PPA de 2021) (%)",SI.POV.LMIC.GP,,,,,,,,,,,,,,,,,,,,,,,,,,,,,,,,,,,,,,,,,,,,,,,,,,,,,,,,,,,,,,,,,
El mundo árabe,ARB,"Brecha de pobreza de 4,20 dólares al día (PPA de 2021) (%)",SI.POV.LMIC.GP,,,,,,,,,,,,,,,,,,,,,,,,,,,,,,,,,,,,,,,,,,,,,,,,,,,,,,,,,,,,,,,,,
Emiratos Árabes Unidos,ARE,"Brecha de pobreza de 4,20 dólares al día (PPA de 2021) (%)",SI.POV.LMIC.GP,,,,,,,,,,,,,,,,,,,,,,,,,,,,,,,,,,,,,,,,,,,,,,,,,,,,,,0,,,,,0,,,,,,
Argentina,ARG,"Brecha de pobreza de 4,20 dólares al día (PPA de 2021) (%)",SI.POV.LMIC.GP,,,,,,,,,,,,,,,,,,,,,0,,,,,,1.2,1.2,,,,1.2,1.9,2.2,2.1,3.7,4.2,3.7,3.9,4.2,5,7.8,11.1,5.2,3.8,2.9,2.3,1.9,1.8,1.6,1,0.8,0.8,0.8,0.8,,0.8,0.8,1.1,1.2,1.3,1.1,0.9,0.8,0.7
Armenia,ARM,"Brecha de pobreza de 4,20 dólares al día (PPA de 2021) (%)",SI.POV.LMIC.GP,,,,,,,,,,,,,,,,,,,,,,,,,,,,,,,,,,,,,12.5,,,13.5,,14.3,12.2,9.8,7.1,4.3,3.3,2.8,1.7,2.5,2.6,2.5,2.2,2.4,2.3,2.1,1.9,1.6,2.1,1.9,1.2,1.6,1.8,1.6,
Samoa Americana,ASM,"Brecha de pobreza de 4,20 dólares al día (PPA de 2021) (%)",SI.POV.LMIC.GP,,,,,,,,,,,,,,,,,,,,,,,,,,,,,,,,,,,,,,,,,,,,,,,,,,,,,,,,,,,,,,,,,
Antigua y Barbuda,ATG,"Brecha de pobreza de 4,20 dólares al día (PPA de 2021) (%)",SI.POV.LMIC.GP,,,,,,,,,,,,,,,,,,,,,,,,,,,,,,,,,,,,,,,,,,,,,,,,,,,,,,,,,,,,,,,,,
Australia,AUS,"Brecha de pobreza de 4,20 dólares al día (PPA de 2021) (%)",SI.POV.LMIC.GP,,,,,,,,,,,,,,,,,,,,,,0.8,,,,0.8,,,,0.6,,,,,,0.8,,,,,,0.7,,0.9,0.5,,,,0.4,,0.4,,,,0.4,,0.4,,0.5,,0.7,,,,
Austria,AUT,"Brecha de pobreza de 4,20 dólares al día (PPA de 2021) (%)",SI.POV.LMIC.GP,,,,,,,,,,,,,,,,,,,,,,,,,,,,,,,,,,,0.1,0.1,0,0.1,0.1,0.1,0.1,,,0.3,0.1,0.1,0.1,0.3,0.3,0.5,0.4,0.4,0.5,0.3,0.2,0.6,0.6,0.3,0.5,0.5,0.7,0.4,0.4,0.4,
Azerbaiyán,AZE,"Brecha de pobreza de 4,20 dólares al día (PPA de 2021) (%)",SI.POV.LMIC.GP,,,,,,,,,,,,,,,,,,,,,,,,,,,,,,,,,,,,12.1,,,,,,7.3,0.3,0.4,0.1,0,,,,,,,,,,,,,,,,,,,
Burundi,BDI,"Brecha de pobreza de 4,20 dólares al día (PPA de 2021) (%)",SI.POV.LMIC.GP,,,,,,,,,,,,,,,,,,,,,,,,,,,,,,,,,55.1,,,,,,60.9,,,,,,,,51.5,,,,,,,48.1,,,,,,,46.5,,,,
Bélgica,BEL,"Brecha de pobreza de 4,20 dólares al día (PPA de 2021) (%)",SI.POV.LMIC.GP,,,,,,,,,,,,,,,,,,,,,,,,,,0.2,,,0.5,,,,0.8,,,0.5,,0.4,,,0.3,,,0.2,0,0.2,0.1,0.1,0.1,0.1,0.1,0.1,0.1,0.1,0.1,0.1,0.1,0.1,0.1,0.1,0.1,0,0,0.1,
Benin,BEN,"Brecha de pobreza de 4,20 dólares al día (PPA de 2021) (%)",SI.POV.LMIC.GP,,,,,,,,,,,,,,,,,,,,,,,,,,,,,,,,,,,,,,,,,,,,43.1,,,,,,,,43.1,,,,44.1,,,21.5,,,16.2,,,
Burkina Faso,BFA,"Brecha de pobreza de 4,20 dólares al día (PPA de 2021) (%)",SI.POV.LMIC.GP,,,,,,,,,,,,,,,,,,,,,,,,,,,,,,,,,,,65.5,,,,61.7,,,,,43.7,,,,,,41.4,,,,,33.1,,,,27.6,,,24.4,,,
Bangladesh,BGD,"Brecha de pobreza de 4,20 dólares al día (PPA de 2021) (%)",SI.POV.LMIC.GP,,,,,,,,,,,,,,,,,,,,,,,,27.3,,23.5,,,28.9,,,29,,,,24.1,,,,,23.2,,,,,18.3,,,,,14.9,,,,,,11.9,,,,,,4.3,,
Bulgaria,BGR,"Brecha de pobreza de 4,20 dólares al día (PPA de 2021) (%)",SI.POV.LMIC.GP,,,,,,,,,,,,,,,,,,,,,,,,,,,,,,0,,,0,,0,1.1,,1,,,,2.8,,1.4,,,5.4,1.8,1.3,1.1,1.8,2.3,2.1,2.1,1.6,3,2,1.3,0.9,1,0.4,0.7,0.7,0.7,
Bahrein,BHR,"Brecha de pobreza de 4,20 dólares al día (PPA de 2021) (%)",SI.POV.LMIC.GP,,,,,,,,,,,,,,,,,,,,,,,,,,,,,,,,,,,,,,,,,,,,,,,,,,,,,,,,,,,,,,,,,
Bahamas,BHS,"Brecha de pobreza de 4,20 dólares al día (PPA de 2021) (%)",SI.POV.LMIC.GP,,,,,,,,,,,,,,,,,,,,,,,,,,,,,,,,,,,,,,,,,,,,,,,,,,,,,,,,,,,,,,,,,
Bosnia y Herzegovina,BIH,"Brecha de pobreza de 4,20 dólares al día (PPA de 2021) (%)",SI.POV.LMIC.GP,,,,,,,,,,,,,,,,,,,,,,,,,,,,,,,,,,,,,,,,,,0.4,,,0.3,,,0.1,,,,0.2,,,,,,,,,,,,,
Belarús,BLR,"Brecha de pobreza de 4,20 dólares al día (PPA de 2021) (%)",SI.POV.LMIC.GP,,,,,,,,,,,,,,,,,,,,,,,,,,,,,,,,,,2.7,,1.8,,,22.7,20.3,16.1,9.3,7.1,5.9,3,1.7,0.9,0.7,0.4,0.4,0.2,0.1,0,0,0,0,0,0,0,0,0,,,,
Belice,BLZ,"Brecha de pobreza de 4,20 dólares al día (PPA de 2021) (%)",SI.POV.LMIC.GP,,,,,,,,,,,,,,,,,,,,,,,,,,,,,,,,,,12.2,12.3,11.8,15,17.7,16.7,15.6,,,,,,,,,,,,,,,,,,,0.8,,,,,,
Bermudas,BMU,"Brecha de pobreza de 4,20 dólares al día (PPA de 2021) (%)",SI.POV.LMIC.GP,,,,,,,,,,,,,,,,,,,,,,,,,,,,,,,,,,,,,,,,,,,,,,,,,,,,,,,,,,,,,,,,,
Bolivia,BOL,"Brecha de pobreza de 4,20 dólares al día (PPA de 2021) (%)",SI.POV.LMIC.GP,,,,,,,,,,,,,,,,,,,,,,,,,,,,,,,3.6,,9.1,,,,,13.3,,18.8,21.3,16,17.3,,9.1,13.3,11,8.4,7.2,6.9,,4.6,5.4,4.5,3.9,4.1,4.8,4.2,3.1,2,2.6,1.9,2.1,1.7,
Brasil,BRA,"Brecha de pobreza de 4,20 dólares al día (PPA de 2021) (%)",SI.POV.LMIC.GP,,,,,,,,,,,,,,,,,,,,,,19.7,19.9,24.5,23.9,20.9,10.7,16.6,18.5,16.9,19.6,,19.3,18.6,,12.7,13.6,13.5,12.4,13,,11.3,10.4,11,9.8,8.8,7.5,7.1,6,5.6,,4.8,4.1,3.5,3.1,3.5,4.2,4.5,4.5,4.6,1.8,4.8,3.1,2.6,
Barbados,BRB,"Brecha de pobreza de 4,20 dólares al día (PPA de 2021) (%)",SI.POV.LMIC.GP,,,,,,,,,,,,,,,,,,,,,,,,,,,,,,,,,,,,,,,,,,,,,,,,,,,,,,,,,1.3,,,,,,,,
Brunei Darussalam,BRN,"Brecha de pobreza de 4,20 dólares al día (PPA de 2021) (%)",SI.POV.LMIC.GP,,,,,,,,,,,,,,,,,,,,,,,,,,,,,,,,,,,,,,,,,,,,,,,,,,,,,,,,,,,,,,,,,
Bhután,BTN,"Brecha de pobreza de 4,20 dólares al día (PPA de 2021) (%)",SI.POV.LMIC.GP,,,,,,,,,,,,,,,,,,,,,,,,,,,,,,,,,,,,,,,,,,,,13.1,,,,7.2,,,,,2.6,,,,,2,,,,,0.1,,
Botswana,BWA,"Brecha de pobreza de 4,20 dólares al día (PPA de 2021) (%)",SI.POV.LMIC.GP,,,,,,,,,,,,,,,,,,,,,,,,,,32.6,,,,,,,,26.8,,,,,,,,,21.7,,,,,,,12.8,,,,,,12.9,,,,,,,,,
República Centroafricana,CAF,"Brecha de pobreza de 4,20 dólares al día (PPA de 2021) (%)",SI.POV.LMIC.GP,,,,,,,,,,,,,,,,,,,,,,,,,,,,,,,,,67.1,,,,,,,,,,,,,,,,45.2,,,,,,,,,,,,,46.9,,,
Canadá,CAN,"Brecha de pobreza de 4,20 dólares al día (PPA de 2021) (%)",SI.POV.LMIC.GP,,,,,,,,,,,,2,,1.5,,1.3,,1.2,,1.1,,0.7,0.6,,0.7,0.6,0.9,0.5,0.6,1.2,1,1.1,0.7,1.1,0.8,0.7,0.3,0.3,0.3,0.3,0.2,0.2,0.2,0.2,0.2,0.2,0.2,0.2,0.2,0.2,0.2,0.2,0.2,0.3,0.2,0.3,0.3,0.3,0.2,0.2,0.1,0.2,,,
Europa Central y del Báltico,CEB,"Brecha de pobreza de 4,20 dólares al día (PPA de 2021) (%)",SI.POV.LMIC.GP,,,,,,,,,,,,,,,,,,,,,,,,,,,,,,,,,,,,,,,,,,,,,,,,,,,,,,,,,,,,,,,,,
Suiza,CHE,"Brecha de pobreza de 4,20 dólares al día (PPA de 2021) (%)",SI.POV.LMIC.GP,,,,,,,,,,,,,,,,,,,,,,,0.6,,,,,,,,,,0.5,,,,,,,,0.1,,0,,0.1,,0.1,0,0.1,0,0,0,0,0,0,0,0,0,0,0,0,0,0.1,,
Islas del Canal,CHI,"Brecha de pobreza de 4,20 dólares al día (PPA de 2021) (%)",SI.POV.LMIC.GP,,,,,,,,,,,,,,,,,,,,,,,,,,,,,,,,,,,,,,,,,,,,,,,,,,,,,,,,,,,,,,,,,
Chile,CHL,"Brecha de pobreza de 4,20 dólares al día (PPA de 2021) (%)",SI.POV.LMIC.GP,,,,,,,,,,,,,,,,,,,,,,,,,,,,13.6,,,10.2,,7,,6.8,,5.2,,4.9,,5.7,,,5.3,,,2.3,,,1.8,,1.1,,0.6,,0.5,,0.4,,,1.3,,0.4,,
China,CHN,"Brecha de pobreza de 4,20 dólares al día (PPA de 2021) (%)",SI.POV.LMIC.GP,,,,,,,,,,,,,,,,,,,,,,68.7,,,58.9,,,50.7,,,52.8,,,48.3,,,37.5,,,35.8,,,29.3,,,19.6,,,15.7,,12.4,9.7,8.1,4.1,3.2,2.2,1.6,1.3,0.8,0.3,0.1,0,0,,
Côte d'Ivoire,CIV,"Brecha de pobreza de 4,20 dólares al día (PPA de 2021) (%)",SI.POV.LMIC.GP,,,,,,,,,,,,,,,,,,,,,,,,,,8.8,7.1,10.7,14.8,,,,24,,,23.2,,,27.4,,,,26.7,,,,,,29.8,,,,,,,28.9,,,13.4,,,12.3,,,
Camerún,CMR,"Brecha de pobreza de 4,20 dólares al día (PPA de 2021) (%)",SI.POV.LMIC.GP,,,,,,,,,,,,,,,,,,,,,,,,,,,,,,,,,,,,,32.8,,,,,17.8,,,,,,21.1,,,,,,,17.4,,,,,,,15.6,,,
"Congo, República Democrática del",COD,"Brecha de pobreza de 4,20 dólares al día (PPA de 2021) (%)",SI.POV.LMIC.GP,,,,,,,,,,,,,,,,,,,,,,,,,,,,,,,,,,,,,,,,,,,,,74.2,,,,,,,,53.4,,,,,,,,60.3,,,,
"Congo, República del",COG,"Brecha de pobreza de 4,20 dólares al día (PPA de 2021) (%)",SI.POV.LMIC.GP,,,,,,,,,,,,,,,,,,,,,,,,,,,,,,,,,,,,,,,,,,,,,,34,,,,,,25,,,,,,,,,,,,,
Colombia,COL,"Brecha de pobreza de 4,20 dólares al día (PPA de 2021) (%)",SI.POV.LMIC.GP,,,,,,,,,,,,,,,,,,,,,18.3,,,,,,,,13.2,12.8,,11.7,10.9,,,,17.4,,,20.2,17.7,20.2,13.6,12.9,12.1,10.8,,,10.8,9.7,8.5,7.3,7,6.4,5.9,5.3,5.3,4.9,5,5.7,9.3,7.3,6.2,5.2,
Comoras,COM,"Brecha de pobreza de 4,20 dólares al día (PPA de 2021) (%)",SI.POV.LMIC.GP,,,,,,,,,,,,,,,,,,,,,,,,,,,,,,,,,,,,,,,,,,,,,17.1,,,,,,,,,,19.9,,,,,,,,,,
Cabo Verde,CPV,"Brecha de pobreza de 4,20 dólares al día (PPA de 2021) (%)",SI.POV.LMIC.GP,,,,,,,,,,,,,,,,,,,,,,,,,,,,,,,,,,,,,,,,,,22.7,,,,,,15.2,,,,,,,,9.2,,,,,,,,,
Costa Rica,CRI,"Brecha de pobreza de 4,20 dólares al día (PPA de 2021) (%)",SI.POV.LMIC.GP,,,,,,,,,,,,,,,,,,,,,,22.4,,,,,13,,,10.3,9.9,11.7,9.7,8.3,6.8,7.2,8.2,6.5,5.2,6.4,6.7,5.1,4.6,4.6,4.3,3.3,3.3,2.1,2.3,2.5,1.6,1.8,1.7,1.7,1.6,1.7,1.5,1.2,1.5,1.2,2.4,1.4,1.1,1,0.8
Estados pequeos del Caribe,CSS,"Brecha de pobreza de 4,20 dólares al día (PPA de 2021) (%)",SI.POV.LMIC.GP,,,,,,,,,,,,,,,,,,,,,,,,,,,,,,,,,,,,,,,,,,,,,,,,,,,,,,,,,,,,,,,,,
Cuba,CUB,"Brecha de pobreza de 4,20 dólares al día (PPA de 2021) (%)",SI.POV.LMIC.GP,,,,,,,,,,,,,,,,,,,,,,,,,,,,,,,,,,,,,,,,,,,,,,,,,,,,,,,,,,,,,,,,,
Curacao,CUW,"Brecha de pobreza de 4,20 dólares al día (PPA de 2021) (%)",SI.POV.LMIC.GP,,,,,,,,,,,,,,,,,,,,,,,,,,,,,,,,,,,,,,,,,,,,,,,,,,,,,,,,,,,,,,,,,
Islas Caimán,CYM,"Brecha de pobreza de 4,20 dólares al día (PPA de 2021) (%)",SI.POV.LMIC.GP,,,,,,,,,,,,,,,,,,,,,,,,,,,,,,,,,,,,,,,,,,,,,,,,,,,,,,,,,,,,,,,,,
Chipre,CYP,"Brecha de pobreza de 4,20 dólares al día (PPA de 2021) (%)",SI.POV.LMIC.GP,,,,,,,,,,,,,,,,,,,,,,,,,,,,,,,,,,,,,,,,,,,,,0.1,0,0,0,0,0.1,0,0,0,0.1,0.1,0,0,0,0,0.2,0,0,0,0,
República Checa,CZE,"Brecha de pobreza de 4,20 dólares al día (PPA de 2021) (%)",SI.POV.LMIC.GP,,,,,,,,,,,,,,,,,,,,,,,,,,,,,,,,,0,0,,,0.1,,,,,,0,,0,0,0,0.1,0,0,0,0,0.1,0,0,0,0,0,0,0,0,0,0,0,
Alemania,DEU,"Brecha de pobreza de 4,20 dólares al día (PPA de 2021) (%)",SI.POV.LMIC.GP,,,,,,,,,,,,,,,,,,,,,,,,,,,,,,,,0,0.1,0,0.2,0.2,0,0.1,0,0,0,0,0,0.1,0,0,0,0,0,0,0.1,0,0,0,0,0,0,0.2,0.1,0.2,0.2,,,,
Djibouti,DJI,"Brecha de pobreza de 4,20 dólares al día (PPA de 2021) (%)",SI.POV.LMIC.GP,,,,,,,,,,,,,,,,,,,,,,,,,,,,,,,,,,,,,,,,,,,19.6,,,,,,,,,,17.7,19.8,,,,16.5,,,,,,,
Dominica,DMA,"Brecha de pobreza de 4,20 dólares al día (PPA de 2021) (%)",SI.POV.LMIC.GP,,,,,,,,,,,,,,,,,,,,,,,,,,,,,,,,,,,,,,,,,,,,,,,,,,,,,,,,,,,,,,,,,
Dinamarca,DNK,"Brecha de pobreza de 4,20 dólares al día (PPA de 2021) (%)",SI.POV.LMIC.GP,,,,,,,,,,,,,,,,,,,,,,,,,,,,0.5,,,,,0.5,,,0,,,,,0,,,0.3,0.3,0.2,0.1,0.1,0.2,0.3,0,0,0,0.3,0.2,0.2,0.2,0.1,0.2,0.2,0.1,0.1,0.2,0.3,
República Dominicana,DOM,"Brecha de pobreza de 4,20 dólares al día (PPA de 2021) (%)",SI.POV.LMIC.GP,,,,,,,,,,,,,,,,,,,,,,,,,,,5.2,,,12.3,,,6.3,,,,5.3,5.3,,,5.3,4.4,5.7,6.8,8.9,6.1,5,4.9,4.6,4.1,3.7,3.4,3.4,2.9,2.5,2.1,1.9,1.1,0.7,0.7,1,0.9,0.7,0.9,0.6
Argelia,DZA,"Brecha de pobreza de 4,20 dólares al día (PPA de 2021) (%)",SI.POV.LMIC.GP,,,,,,,,,,,,,,,,,,,,,,,,,,,,,7.2,,,,,,,6.9,,,,,,,,,,,,,,,,0.4,,,,,,,,,,,,,
Asia oriental y el Pacífico (excluido altos ingresos),EAP,"Brecha de pobreza de 4,20 dólares al día (PPA de 2021) (%)",SI.POV.LMIC.GP,,,,,,,,,,,,,,,,,,,,,,,,,,,,,,,,,,,,,,,,,,,,,,,,,,,,,,,,,,,,,,,,,
inicial del dividendo demográfico,EAR,"Brecha de pobreza de 4,20 dólares al día (PPA de 2021) (%)",SI.POV.LMIC.GP,,,,,,,,,,,,,,,,,,,,,,,,,,,,,,,,,,,,,,,,,,,,,,,,,,,,,,,,,,,,,,,,,
Asia oriental y el Pacífico,EAS,"Brecha de pobreza de 4,20 dólares al día (PPA de 2021) (%)",SI.POV.LMIC.GP,,,,,,,,,,,,,,,,,,,,,,,,,47,45.1,43.8,41.9,39.1,43.1,42.2,41.4,40.2,39,35.9,33.4,31.1,30.9,31.5,29.7,28.2,26.6,24.2,21.7,19.6,17.1,16.4,14.9,13.9,12.7,11.2,9.3,8.1,5.6,4.8,3.9,3.3,2.8,2.3,1.9,1.8,1.7,1.6,1.5,1.4
Europa y Asia central (excluido altos ingresos),ECA,"Brecha de pobreza de 4,20 dólares al día (PPA de 2021) (%)",SI.POV.LMIC.GP,,,,,,,,,,,,,,,,,,,,,,,,,,,,,,,,,,,,,,,,,,,,,,,,,,,,,,,,,,,,,,,,,
Europa y Asia central,ECS,"Brecha de pobreza de 4,20 dólares al día (PPA de 2021) (%)",SI.POV.LMIC.GP,,,,,,,,,,,,,,,,,,,,,,,,,,,,,2.5,2.5,2.6,2.9,3.5,3.9,4.8,4.6,4.8,4.4,4.6,5.6,5.1,4.6,4.1,4,3.5,3.4,3,2.8,2.5,2.5,2.5,2.4,2.4,0.8,0.8,0.8,0.7,0.7,0.6,0.5,0.6,0.5,0.5,0.4,0.4
Ecuador,ECU,"Brecha de pobreza de 4,20 dólares al día (PPA de 2021) (%)",SI.POV.LMIC.GP,,,,,,,,,,,,,,,,,,,,,,,,,,,,14.2,,,,,,,14.8,12.9,,,13.7,18.1,22.3,,,12.3,12.7,9.9,7.1,7.2,6.6,6.1,5,4.3,3.9,3,2.5,3.1,3.2,2.8,3,3.1,5.2,3.4,2.9,3.1,4.1
"Egipto, República Árabe de",EGY,"Brecha de pobreza de 4,20 dólares al día (PPA de 2021) (%)",SI.POV.LMIC.GP,,,,,,,,,,,,,,,,,,,,,,,,,,,,,,,4.9,,,,,3.9,,,,1.6,,,,,3.4,,,,3,,1.6,,1.1,,,1.1,,2.6,,1.8,,1.2,,,
Zona del Euro,EMU,"Brecha de pobreza de 4,20 dólares al día (PPA de 2021) (%)",SI.POV.LMIC.GP,,,,,,,,,,,,,,,,,,,,,,,,,,,,,,,,,,,,,,,,,,,,,,,,,,,,,,,,,,,,,,,,,
Eritrea,ERI,"Brecha de pobreza de 4,20 dólares al día (PPA de 2021) (%)",SI.POV.LMIC.GP,,,,,,,,,,,,,,,,,,,,,,,,,,,,,,,,,,,,,,,,,,,,,,,,,,,,,,,,,,,,,,,,,
España,ESP,"Brecha de pobreza de 4,20 dólares al día (PPA de 2021) (%)",SI.POV.LMIC.GP,,,,,,,,,,,,,,,,,,,,,0.6,,,,,0.3,,,,,0.4,,,1.1,1,1.1,1.2,0.8,0.8,0.6,0.7,,,0.7,0.8,0.7,0.7,0.4,0.5,0.7,0.6,1,0.8,1,0.7,0.8,1,0.7,0.7,0.7,0.8,0.5,0.6,0.6,
Estonia,EST,"Brecha de pobreza de 4,20 dólares al día (PPA de 2021) (%)",SI.POV.LMIC.GP,,,,,,,,,,,,,,,,,,,,,,,,,,,,,,,,,,1.6,,1.3,,,0.4,,1.9,1.9,1.9,2.6,1.3,0.8,0.8,0.4,0.4,0.5,0.8,0.9,0.7,0.9,0.8,0.6,0.4,0.3,0.3,0.5,0.3,0.3,0.4,0.3,
Etiopía,ETH,"Brecha de pobreza de 4,20 dólares al día (PPA de 2021) (%)",SI.POV.LMIC.GP,,,,,,,,,,,,,,,,,,,,,,,,,,,,,,,,,,,,45.6,,,,37.4,,,,,23.3,,,,,,22.2,,,,,19.5,,,,,,22.5,,,
Unión Europea,EUU,"Brecha de pobreza de 4,20 dólares al día (PPA de 2021) (%)",SI.POV.LMIC.GP,,,,,,,,,,,,,,,,,,,,,,,,,,,,,,,,,,,,,,,,,,,,,,,,,,,,,,,,,,,,,,,,,
Frágiles y situaciones de conflicto afectados,FCS,"Brecha de pobreza de 4,20 dólares al día (PPA de 2021) (%)",SI.POV.LMIC.GP,,,,,,,,,,,,,,,,,,,,,,,,,,,,,,,,,,36.8,37.5,37.9,37.5,37.1,36.7,36.5,,34.2,33.6,32.7,30.7,29.5,28.4,27.2,26.3,25.8,24.5,24.2,23.5,22.9,22.7,22.8,23.1,23.1,23.2,,24.9,25.6,25.6,25.9,26
Finlandia,FIN,"Brecha de pobreza de 4,20 dólares al día (PPA de 2021) (%)",SI.POV.LMIC.GP,,,,,,,,,,,,,,,,,,,,,,,,,,,,0,,,,0,,,,0,,,,,0,,,0,0,0.1,0.1,0.1,0.1,0,0,0,0,0.1,0.1,0.1,0,0.1,0.1,0,0,0,0.1,0.2,
Fiji,FJI,"Brecha de pobreza de 4,20 dólares al día (PPA de 2021) (%)",SI.POV.LMIC.GP,,,,,,,,,,,,,,,,,,,,,,,,,,,,,,,,,,,,,,,,,,,3.5,,,,,,2.5,,,,,1.4,,,,,,3.3,,,,,
Francia,FRA,"Brecha de pobreza de 4,20 dólares al día (PPA de 2021) (%)",SI.POV.LMIC.GP,,,,,,,,,,,0.1,,,,,0.3,,,,0.2,,,,,0.3,,,,,,0.1,,,,,,0.1,0.1,0,0.1,0.1,0,0,0.1,0,0,0,0,0,0.1,0.1,0,0,0.1,0,0.1,0.1,0,0,0,0.1,0.1,0,0.1,
Islas Feroe,FRO,"Brecha de pobreza de 4,20 dólares al día (PPA de 2021) (%)",SI.POV.LMIC.GP,,,,,,,,,,,,,,,,,,,,,,,,,,,,,,,,,,,,,,,,,,,,,,,,,,,,,,,,,,,,,,,,,
Micronesia (Estados Federados de),FSM,"Brecha de pobreza de 4,20 dólares al día (PPA de 2021) (%)",SI.POV.LMIC.GP,,,,,,,,,,,,,,,,,,,,,,,,,,,,,,,,,,,,,,,,,,,,,,9.2,,,,,,,,16.4,,,,,,,,,,,
Gabón,GAB,"Brecha de pobreza de 4,20 dólares al día (PPA de 2021) (%)",SI.POV.LMIC.GP,,,,,,,,,,,,,,,,,,,,,,,,,,,,,,,,,,,,,,,,,,,,,,5.8,,,,,,,,,,,,2.4,,,,,,,
Reino Unido,GBR,"Brecha de pobreza de 4,20 dólares al día (PPA de 2021) (%)",SI.POV.LMIC.GP,,,,,,,,,0.1,0.1,0.1,0.1,0.2,0,0.2,0.1,0,0.2,0,0,0.1,0,0.1,0,0.1,0.1,0.2,0,0.1,0.1,0.1,0.1,0.1,0.1,0.3,0.2,0.2,0.2,0.2,0.2,0.2,0.2,0.2,0.2,0.2,0.3,0.2,0.2,0.3,0.3,0.3,0.2,0.3,0.2,0.3,0.2,0.3,0.3,0.4,0.3,0.4,0.3,,,
Georgia,GEO,"Brecha de pobreza de 4,20 dólares al día (PPA de 2021) (%)",SI.POV.LMIC.GP,,,,,,,,,,,,,,,,,,,,,,,,,,,,,,,,,,,,,7.3,18.1,17.1,20.7,22.1,22.7,13.8,14,13,13.9,13.9,14.9,13.3,13.3,14.6,13.7,11.6,9.2,7.7,6.7,6.7,7.2,6.9,6.3,7.4,6.6,5.2,3.7,2.7
Ghana,GHA,"Brecha de pobreza de 4,20 dólares al día (PPA de 2021) (%)",SI.POV.LMIC.GP,,,,,,,,,,,,,,,,,,,,,,,,,,,,49.7,49.1,,,53,,,,,,,42.1,,,,,,,38.7,,,,,,,25.8,,,,25,,,,,,,,
Gibraltar,GIB,"Brecha de pobreza de 4,20 dólares al día (PPA de 2021) (%)",SI.POV.LMIC.GP,,,,,,,,,,,,,,,,,,,,,,,,,,,,,,,,,,,,,,,,,,,,,,,,,,,,,,,,,,,,,,,,,
Guinea,GIN,"Brecha de pobreza de 4,20 dólares al día (PPA de 2021) (%)",SI.POV.LMIC.GP,,,,,,,,,,,,,,,,,,,,,,,,,,,,,,,,64.6,,,22.7,,,,,,,,30.4,,,,,26.1,,,,,13.1,,,,,,7.4,,,,,,
Gambia,GMB,"Brecha de pobreza de 4,20 dólares al día (PPA de 2021) (%)",SI.POV.LMIC.GP,,,,,,,,,,,,,,,,,,,,,,,,,,,,,,,,,,,,,,,53.8,,,,,34.4,,,,,,,20.7,,,,,10.8,,,,,13.1,,,,
Guinea-Bissau,GNB,"Brecha de pobreza de 4,20 dólares al día (PPA de 2021) (%)",SI.POV.LMIC.GP,,,,,,,,,,,,,,,,,,,,,,,,,,,,,,,,35.9,,33.1,,,,,,,,,41.3,,,,,,,,50.9,,,,,,,,20.9,,,23.1,,,
Guinea Ecuatorial,GNQ,"Brecha de pobreza de 4,20 dólares al día (PPA de 2021) (%)",SI.POV.LMIC.GP,,,,,,,,,,,,,,,,,,,,,,,,,,,,,,,,,,,,,,,,,,,,,,,,,,,,,,,,,,,,,,,5.6,,
Grecia,GRC,"Brecha de pobreza de 4,20 dólares al día (PPA de 2021) (%)",SI.POV.LMIC.GP,,,,,,,,,,,,,,,,,,,,,,,,,,,,,,,,,,,,1.5,,,,,0.2,,0.2,0.5,0.7,0.3,0.5,0.5,0.3,0.6,0.9,1.2,1.4,1,1.4,1.4,1,0.8,0.2,0.7,0.8,0.6,0.4,0.4,
Granada,GRD,"Brecha de pobreza de 4,20 dólares al día (PPA de 2021) (%)",SI.POV.LMIC.GP,,,,,,,,,,,,,,,,,,,,,,,,,,,,,,,,,,,,,,,,,,,,,,,,,,,,,,,,,,,0.5,,,,,,
Groenlandia,GRL,"Brecha de pobreza de 4,20 dólares al día (PPA de 2021) (%)",SI.POV.LMIC.GP,,,,,,,,,,,,,,,,,,,,,,,,,,,,,,,,,,,,,,,,,,,,,,,,,,,,,,,,,,,,,,,,,
Guatemala,GTM,"Brecha de pobreza de 4,20 dólares al día (PPA de 2021) (%)",SI.POV.LMIC.GP,,,,,,,,,,,,,,,,,,,,,,,,,,,31.7,,,23.8,,,,,,,,,8,,5.7,,,,,,6.6,,,,,,,,5.2,,,,,,,,,6.3,
Guam,GUM,"Brecha de pobreza de 4,20 dólares al día (PPA de 2021) (%)",SI.POV.LMIC.GP,,,,,,,,,,,,,,,,,,,,,,,,,,,,,,,,,,,,,,,,,,,,,,,,,,,,,,,,,,,,,,,,,
Guyana,GUY,"Brecha de pobreza de 4,20 dólares al día (PPA de 2021) (%)",SI.POV.LMIC.GP,,,,,,,,,,,,,,,,,,,,,,,,,,,,,,,,,20.9,,,,,,9.2,,,,,,,,,,,,,,,,,,,,,,,,,,
Ingreso alto,HIC,"Brecha de pobreza de 4,20 dólares al día (PPA de 2021) (%)",SI.POV.LMIC.GP,,,,,,,,,,,,,,,,,,,,,,,1,1,0.9,0.9,0.9,0.8,0.8,0.7,0.8,0.8,0.9,1.1,1.4,1.1,1.2,0.8,0.9,1.2,1,0.9,0.8,0.8,0.7,0.6,0.6,0.5,0.4,0.4,0.4,0.4,0.5,0.5,0.5,0.5,0.4,0.5,0.4,0.4,0.3,0.3,0.5,0.4,0.4
"Hong Kong, Región Administrativa Especial",HKG,"Brecha de pobreza de 4,20 dólares al día (PPA de 2021) (%)",SI.POV.LMIC.GP,,,,,,,,,,,,,,,,,,,,,,,,,,,,,,,,,,,,,,,,,,,,,,,,,,,,,,,,,,,,,,,,,
Honduras,HND,"Brecha de pobreza de 4,20 dólares al día (PPA de 2021) (%)",SI.POV.LMIC.GP,,,,,,,,,,,,,,,,,,,,,,,,,,,,,,33.1,35,26.7,23.2,19.9,21.4,22.4,25,17.4,21.8,21.9,,17.1,19.1,22.6,21.9,21.7,18.5,14.1,13.6,11.3,12.4,13,15.6,13.2,12.5,12.2,13,12.4,12.5,11.8,,,,11.3,10.1
Países pobres muy endeudados (PPME),HPC,"Brecha de pobreza de 4,20 dólares al día (PPA de 2021) (%)",SI.POV.LMIC.GP,,,,,,,,,,,,,,,,,,,,,,,,,,,,,,,,,,,,,,,,,,,,,,,,,,,,,,,,,,,,,,,,,
Croacia,HRV,"Brecha de pobreza de 4,20 dólares al día (PPA de 2021) (%)",SI.POV.LMIC.GP,,,,,,,,,,,,,,,,,,,,,,,,,,,,,0,,,,,,,,,,0,0,0,0,,,0,,,,0,0.9,1.2,0.7,0.8,0.9,0.9,0.6,0.6,0.5,0.4,0.3,0.3,0.3,0.3,0.2,
Haití,HTI,"Brecha de pobreza de 4,20 dólares al día (PPA de 2021) (%)",SI.POV.LMIC.GP,,,,,,,,,,,,,,,,,,,,,,,,,,,,,,,,,,,,,,,,,,54,,,,,,,,,,,24.9,,,,,,,,,,,,
Hungría,HUN,"Brecha de pobreza de 4,20 dólares al día (PPA de 2021) (%)",SI.POV.LMIC.GP,,,,,,,,,,,,,,,,,,,,,,,,,,,,0,,0,,1.5,,0,1.3,,,,0.3,0.5,0.2,0.1,0,0.2,0.2,0.8,0.2,0.2,0.1,0.1,0.1,0.1,0.4,0.3,0.7,0.7,1.2,0.7,,,,,,,
Sólo BIRF,IBD,"Brecha de pobreza de 4,20 dólares al día (PPA de 2021) (%)",SI.POV.LMIC.GP,,,,,,,,,,,,,,,,,,,,,,,,,,,,,,,,,,,,,,,,,,,,,,,,,,,,,,,,,,,,,,,,,
BIRF y la AIF,IBT,"Brecha de pobreza de 4,20 dólares al día (PPA de 2021) (%)",SI.POV.LMIC.GP,,,,,,,,,,,,,,,,,,,,,,,,,,,,,,,,,,,,,,,,,,,,,,,,,,,,,,,,,,,,,,,,,
total de la AIF,IDA,"Brecha de pobreza de 4,20 dólares al día (PPA de 2021) (%)",SI.POV.LMIC.GP,,,,,,,,,,,,,,,,,,,,,,,,,,,,,,40.6,40.9,40.6,40.1,40.1,39.5,39.1,38.2,37.7,37.7,37.6,37.3,36.6,35.9,34.7,32.7,31.4,30.3,29,27.6,27.3,25.9,25.3,24.5,22.9,22.5,22.3,22.1,21.7,21.3,21.2,22.2,22.2,22,22,21.8
mezcla de la AIF,IDB,"Brecha de pobreza de 4,20 dólares al día (PPA de 2021) (%)",SI.POV.LMIC.GP,,,,,,,,,,,,,,,,,,,,,,,,,,,,,,,,,,,,,,,,,,,,,,,,,,,,,,,,,,,,,,,,,
Indonesia,IDN,"Brecha de pobreza de 4,20 dólares al día (PPA de 2021) (%)",SI.POV.LMIC.GP,,,,,,,,,,,,,,,,,,,,,,,,,55.8,,,55.2,,,47.1,,,46.6,,,39.7,,51,37.4,37.2,35.1,25.9,25.4,25.8,23.3,26.7,23.3,21.6,21.7,19.2,17.5,15.1,15.4,14.5,12.7,10.9,9.1,7.8,6.9,6.3,5.7,5.3,4.8,4.1
Sólo AIF,IDX,"Brecha de pobreza de 4,20 dólares al día (PPA de 2021) (%)",SI.POV.LMIC.GP,,,,,,,,,,,,,,,,,,,,,,,,,,,,,,,,,,,,,,,,,,,,,,,,,,,,,,,,,,,,,,,,,
Isla de Man,IMN,"Brecha de pobreza de 4,20 dólares al día (PPA de 2021) (%)",SI.POV.LMIC.GP,,,,,,,,,,,,,,,,,,,,,,,,,,,,,,,,,,,,,,,,,,,,,,,,,,,,,,,,,,,,,,,,,
India,IND,"Brecha de pobreza de 4,20 dólares al día (PPA de 2021) (%)",SI.POV.LMIC.GP,,,,,,,,,,,,,,,,,,33.9,,,,,,29,,,,29.1,,,,,,26.4,,,,,,,,,,,25.6,,,,,20,,16.1,,,,,,,,,,,4.4,,
No clasificado,INX,"Brecha de pobreza de 4,20 dólares al día (PPA de 2021) (%)",SI.POV.LMIC.GP,,,,,,,,,,,,,,,,,,,,,,,,,,,,,,,,,,,,,,,,,,,,,,,,,,,,,,,,,,,,,,,,,
Irlanda,IRL,"Brecha de pobreza de 4,20 dólares al día (PPA de 2021) (%)",SI.POV.LMIC.GP,,,,,,,,,,,,,,,,,,,,,,,,,,,,0.9,,,,,,,0.3,0.3,0.2,,,,0.1,,0.2,0.1,0.1,0,0.3,0.1,0.2,0.5,0.5,0.5,0.3,0.6,0.4,0.3,0.2,0.2,0,0,0.1,0.1,0.1,0.1,
"Irán, República Islámica del",IRN,"Brecha de pobreza de 4,20 dólares al día (PPA de 2021) (%)",SI.POV.LMIC.GP,,,,,,,,,,,,,,,,,,,,,,,,,,,13,,,,12.9,,,,9.1,,,,8.8,,,,,,,2.8,2.9,,,3.1,,1.7,1.3,1.4,2.2,2,2,1.8,2.2,2.8,3,2.5,1.9,1.7,
Iraq,IRQ,"Brecha de pobreza de 4,20 dólares al día (PPA de 2021) (%)",SI.POV.LMIC.GP,,,,,,,,,,,,,,,,,,,,,,,,,,,,,,,,,,,,,,,,,,,,,,,0.5,,,,,,0.5,,,,,,,,,,,0.4,
Islandia,ISL,"Brecha de pobreza de 4,20 dólares al día (PPA de 2021) (%)",SI.POV.LMIC.GP,,,,,,,,,,,,,,,,,,,,,,,,,,,,,,,,,,,,,,,,,,,,0,0.1,0,0.1,0.1,0.1,0.1,0.1,0.1,0,0.1,0,0,0,0,0.2,0.1,,,,,
Israel,ISR,"Brecha de pobreza de 4,20 dólares al día (PPA de 2021) (%)",SI.POV.LMIC.GP,,,,,,,,,,,,,,,,,,,,0.2,,,,,,,0.3,,,,,,0.2,,,,,0.4,,,,0.2,0.7,0.7,0.7,0.7,0.4,0.5,0.5,0.6,0.5,0.4,0.6,0.4,0.5,0.4,0.3,0.5,0.4,0.6,0.5,0.4,,,
Italia,ITA,"Brecha de pobreza de 4,20 dólares al día (PPA de 2021) (%)",SI.POV.LMIC.GP,,,,,,,,,,,,,,,,,,0.3,0.4,0.3,0.1,0.1,0.1,0.2,0.1,,0.2,0.9,,0,,0.3,,1.1,,0.6,,,1.5,,1.2,,1.4,0.7,0.6,0.6,0.6,0.6,0.6,0.8,1.1,1,1.1,1.3,1.1,1.7,1.5,1.3,1.3,0.9,0.8,0.7,0.6,0.8,
Jamaica,JAM,"Brecha de pobreza de 4,20 dólares al día (PPA de 2021) (%)",SI.POV.LMIC.GP,,,,,,,,,,,,,,,,,,,,,,,,,,,,,8,,7.3,,,12.3,,,5.3,,,3.9,,,4.2,,3.1,,,,,,,,,,,,,,0.4,,,1.1,,,
Jordania,JOR,"Brecha de pobreza de 4,20 dólares al día (PPA de 2021) (%)",SI.POV.LMIC.GP,,,,,,,,,,,,,,,,,,,,,,,,,,,0,,,,,,1.7,,,,,0.8,,,,,0.8,,,,0.3,,0.2,,0.1,,,,,,,,,,,,,,
Japón,JPN,"Brecha de pobreza de 4,20 dólares al día (PPA de 2021) (%)",SI.POV.LMIC.GP,,,,,,,,,,,,,,,,,,,,,,,,,,,,,,,,,,,,,,,,,,,,,,,,,0.8,0.7,0.4,0.4,1,0.7,0.5,0.2,0.5,0.5,0.8,0.9,0.8,,,,
Kazajstán,KAZ,"Brecha de pobreza de 4,20 dólares al día (PPA de 2021) (%)",SI.POV.LMIC.GP,,,,,,,,,,,,,,,,,,,,,,,,,,,,,,,,,,8.7,,,9,,,,,12.6,9.9,7.7,5.1,9,1.8,0.8,0.6,0.7,0.5,0.2,0.1,0.1,0.1,0.1,0.2,0.1,0.1,0.1,0.1,0,,,
Kenya,KEN,"Brecha de pobreza de 4,20 dólares al día (PPA de 2021) (%)",SI.POV.LMIC.GP,,,,,,,,,,,,,,,,,,,,,,,,,,,,,,,,,19.9,,20.2,,,19.2,,,,,,,,27.2,,,,,,,,,,22.2,,,,,25.8,26.6,26.7,,
Kirguistán,KGZ,"Brecha de pobreza de 4,20 dólares al día (PPA de 2021) (%)",SI.POV.LMIC.GP,,,,,,,,,,,,,,,,,,,,,,,,,,,,,,,,,,,,,,,28.2,,38.3,35,33.8,30.7,18.7,20.9,15,14.1,8.9,6.9,8.5,6.9,7.5,9,6.2,7.8,6.1,6.3,4.9,4.3,6.8,4.5,4,2.7,
Camboya,KHM,"Brecha de pobreza de 4,20 dólares al día (PPA de 2021) (%)",SI.POV.LMIC.GP,,,,,,,,,,,,,,,,,,,,,,,,,,,,,,,,,,,,,,,,,,,,,,,,,,,,,,,,,,,,,,,,,
Kiribati,KIR,"Brecha de pobreza de 4,20 dólares al día (PPA de 2021) (%)",SI.POV.LMIC.GP,,,,,,,,,,,,,,,,,,,,,,,,,,,,,,,,,,,,,,,,,,,,,,,13.5,,,,,,,,,,,,,4.5,,,,,
Saint Kitts y Nevis,KNA,"Brecha de pobreza de 4,20 dólares al día (PPA de 2021) (%)",SI.POV.LMIC.GP,,,,,,,,,,,,,,,,,,,,,,,,,,,,,,,,,,,,,,,,,,,,,,,,,,,,,,,,,,,,,,,,,
"Corea, República de",KOR,"Brecha de pobreza de 4,20 dólares al día (PPA de 2021) (%)",SI.POV.LMIC.GP,,,,,,,,,,,,,,,,,,,,,,,,,,,,,,,,,,,,,,,,,,,,,,,0.3,,0.3,,0.4,,0.3,,0.2,,0.1,0.1,0.1,0.1,0.1,0.1,,,
Kuwait,KWT,"Brecha de pobreza de 4,20 dólares al día (PPA de 2021) (%)",SI.POV.LMIC.GP,,,,,,,,,,,,,,,,,,,,,,,,,,,,,,,,,,,,,,,,,,,,,,,,,,,,,,,,,,,,,,,,,
América Latina y el Caribe (excluido altos ingresos),LAC,"Brecha de pobreza de 4,20 dólares al día (PPA de 2021) (%)",SI.POV.LMIC.GP,,,,,,,,,,,,,,,,,,,,,,,,,,,,,,,,,,,,,,,,,,,,,,,,,,,,,,,,,,,,,,,,,
República Democrática Popular Lao,LAO,"Brecha de pobreza de 4,20 dólares al día (PPA de 2021) (%)",SI.POV.LMIC.GP,,,,,,,,,,,,,,,,,,,,,,,,,,,,,,,,,23.2,,,,,35.3,,,,,24.4,,,,,20.7,,,,,12.9,,,,,,9.7,,,,,,
Líbano,LBN,"Brecha de pobreza de 4,20 dólares al día (PPA de 2021) (%)",SI.POV.LMIC.GP,,,,,,,,,,,,,,,,,,,,,,,,,,,,,,,,,,,,,,,,,,,,,,,,,,,,0,,,,,,,,,,,3.9,,
Liberia,LBR,"Brecha de pobreza de 4,20 dólares al día (PPA de 2021) (%)",SI.POV.LMIC.GP,,,,,,,,,,,,,,,,,,,,,,,,,,,,,,,,,,,,,,,,,,,,,,,,37.2,,,,,,,18.4,,19.9,,,,,,,,
Libia,LBY,"Brecha de pobreza de 4,20 dólares al día (PPA de 2021) (%)",SI.POV.LMIC.GP,,,,,,,,,,,,,,,,,,,,,,,,,,,,,,,,,,,,,,,,,,,,,,,,,,,,,,,,,,,,,,,,,
Santa Lucía,LCA,"Brecha de pobreza de 4,20 dólares al día (PPA de 2021) (%)",SI.POV.LMIC.GP,,,,,,,,,,,,,,,,,,,,,,,,,,,,,,,,,,,,26,,,,,,,,,,,,,,,,,,,,0.1,,,,,,,,,
América Latina y el Caribe,LCN,"Brecha de pobreza de 4,20 dólares al día (PPA de 2021) (%)",SI.POV.LMIC.GP,,,,,,,,,,,,,,,,,,,,,,12.9,13.3,15.4,15.1,14.2,10.8,12.7,13.2,12.8,13.6,13.2,13.2,13.3,12.8,12.2,13.1,12.9,12.7,12.9,12,11.8,11.1,10.8,9.9,9.4,7.9,7,6.4,6.2,5.5,5.1,4.8,4.3,4.1,3.8,3.9,3.9,3.8,3.9,3.7,4,3.3,3,2.9
Países menos desarrollados: clasificación de las Naciones Unidas,LDC,"Brecha de pobreza de 4,20 dólares al día (PPA de 2021) (%)",SI.POV.LMIC.GP,,,,,,,,,,,,,,,,,,,,,,,,,,,,,,,,,,,,,,,,,,,,,,,,,,,,,,,,,,,,,,,,,
Países de ingreso bajo,LIC,"Brecha de pobreza de 4,20 dólares al día (PPA de 2021) (%)",SI.POV.LMIC.GP,,,,,,,,,,,,,,,,,,,,,,,,,,,,,,,,,,,,,,,,,,,43,41.4,40.6,39.8,38.9,37.8,36.6,36.7,35.2,34.8,33.7,33.3,33.4,33.9,34.4,34.5,,,35.7,36,35.5,35.7,
Liechtenstein,LIE,"Brecha de pobreza de 4,20 dólares al día (PPA de 2021) (%)",SI.POV.LMIC.GP,,,,,,,,,,,,,,,,,,,,,,,,,,,,,,,,,,,,,,,,,,,,,,,,,,,,,,,,,,,,,,,,,
Sri Lanka,LKA,"Brecha de pobreza de 4,20 dólares al día (PPA de 2021) (%)",SI.POV.LMIC.GP,,,,,,,,,,,,,,,,,,,,,,,,,,16.4,,,,,14.2,,,,,13.8,,,,,,,12.3,,,,7.7,,,5.5,,,4.5,,,,2.8,,,2.2,,,,,
Países de ingreso mediano bajo,LMC,"Brecha de pobreza de 4,20 dólares al día (PPA de 2021) (%)",SI.POV.LMIC.GP,,,,,,,,,,,,,,,,,,,,,,32.9,32.3,31.4,31.2,31,31,31.2,31,30.7,30.3,29.9,29.3,29,28.4,28.1,27.5,,,,,,26.6,25.9,25,24.1,22.9,21.6,20.6,19.7,18,16.8,15.9,14.4,13.3,,,,,,10,9.5,8.9,8.3,7.9
Ingreso mediano y bajo,LMY,"Brecha de pobreza de 4,20 dólares al día (PPA de 2021) (%)",SI.POV.LMIC.GP,,,,,,,,,,,,,,,,,,,,,,,,,37.4,36.3,35.2,34.7,33.3,35,34.5,34,33.3,32.7,31.1,29.9,28.8,28.6,28.8,28.2,27.3,26.5,25.1,23.8,22.4,20.9,19.9,18.7,17.8,17,15.5,14.3,13.3,11.6,10.9,10.2,9.6,9.1,8.6,8.3,8.7,8.5,8.2,8,7.8
Lesotho,LSO,"Brecha de pobreza de 4,20 dólares al día (PPA de 2021) (%)",SI.POV.LMIC.GP,,,,,,,,,,,,,,,,,,,,,,,,,,,43.9,,,,,,,,44.4,,,,,,,,53.6,,,,,,,,,,,,,,,26.3,,,,,,,
avanzada del dividendo demográfico,LTE,"Brecha de pobreza de 4,20 dólares al día (PPA de 2021) (%)",SI.POV.LMIC.GP,,,,,,,,,,,,,,,,,,,,,,,,,,,,,,,,,,,,,,,,,,,,,,,,,,,,,,,,,,,,,,,,,
Lituania,LTU,"Brecha de pobreza de 4,20 dólares al día (PPA de 2021) (%)",SI.POV.LMIC.GP,,,,,,,,,,,,,,,,,,,,,,,,,,,,,,,,,,8.6,,,0.8,,0.7,0.9,1,1.2,1.1,0.4,2.8,1.9,1.3,1.1,1.3,2,1.6,0.8,0.9,0.9,1.2,0.8,1.1,1,0.7,0.4,0.3,0.2,0.6,0.8,
Luxemburgo,LUX,"Brecha de pobreza de 4,20 dólares al día (PPA de 2021) (%)",SI.POV.LMIC.GP,,,,,,,,,,,,,,,,,,,,,,,,,,0,0,0,0,0,0,0,0,0,0,0,0,0,0,0,0,0,0,0.1,0,0,0,0,0,0,0,0.1,0,0.1,0.1,0.3,0.1,0.2,0.2,0.1,0,0.1,0.1,0,
Letonia,LVA,"Brecha de pobreza de 4,20 dólares al día (PPA de 2021) (%)",SI.POV.LMIC.GP,,,,,,,,,,,,,,,,,,,,,,,,,,,,,,,,,,0.4,,1.5,2.3,2.7,2.3,,,,1.1,0.9,2.6,2.3,1.4,0.7,1.1,1.8,1.7,1.2,1.1,1.2,0.8,0.7,0.6,0.7,0.4,0.3,0.4,0.4,0.3,0.4,
"Región Administrativa Especial de Macao, China",MAC,"Brecha de pobreza de 4,20 dólares al día (PPA de 2021) (%)",SI.POV.LMIC.GP,,,,,,,,,,,,,,,,,,,,,,,,,,,,,,,,,,,,,,,,,,,,,,,,,,,,,,,,,,,,,,,,,
Isla de San Martín (parte francesa),MAF,"Brecha de pobreza de 4,20 dólares al día (PPA de 2021) (%)",SI.POV.LMIC.GP,,,,,,,,,,,,,,,,,,,,,,,,,,,,,,,,,,,,,,,,,,,,,,,,,,,,,,,,,,,,,,,,,
Marruecos,MAR,"Brecha de pobreza de 4,20 dólares al día (PPA de 2021) (%)",SI.POV.LMIC.GP,,,,,,,,,,,,,,,,,,,,,,,,,13.4,,,,,,7.1,,,,,,,,10.5,,10.4,,,,,,6,,,,,,,2.6,,,,,,,,,,,
Mónaco,MCO,"Brecha de pobreza de 4,20 dólares al día (PPA de 2021) (%)",SI.POV.LMIC.GP,,,,,,,,,,,,,,,,,,,,,,,,,,,,,,,,,,,,,,,,,,,,,,,,,,,,,,,,,,,,,,,,,
República de Moldova,MDA,"Brecha de pobreza de 4,20 dólares al día (PPA de 2021) (%)",SI.POV.LMIC.GP,,,,,,,,,,,,,,,,,,,,,,,,,,,,,,,,,,,,,,12.1,19.6,26.3,24.5,19.4,11.9,6.5,7.3,10.3,2.3,1.2,1.4,1.1,0.7,0.5,0.4,0.2,0.1,0.1,0.2,0.1,0,0.1,0,0.1,0,0.1,
Madagascar,MDG,"Brecha de pobreza de 4,20 dólares al día (PPA de 2021) (%)",SI.POV.LMIC.GP,,,,,,,,,,,,,,,,,,,,,39.7,,,,,,,,,,,,,56.1,,,,54,,52.6,,35.8,,,,32.5,,,,,39.9,,42.2,,,,,,,,,41.9,,,
Maldivas,MDV,"Brecha de pobreza de 4,20 dólares al día (PPA de 2021) (%)",SI.POV.LMIC.GP,,,,,,,,,,,,,,,,,,,,,,,,,,,,,,,,,,,,,,,,,,,12.1,,,,,,,7.9,,,,,,,0.1,,,0,,,,,
"Oriente Medio, Norte de África, Afganistán y Pakistán",MEA,"Brecha de pobreza de 4,20 dólares al día (PPA de 2021) (%)",SI.POV.LMIC.GP,,,,,,,,,,,,,,,,,,,,,,,,,23,22.5,22.2,22.1,21.8,21.7,21.2,19.2,16.8,16.7,15,15,13.5,13.2,13.5,13.7,13.8,14.2,13.9,12.8,11.6,11,10.4,9.9,8.9,9,8.1,7.9,7.5,7.1,7,7.1,7.2,7,7,7.2,,,,,
México,MEX,"Brecha de pobreza de 4,20 dólares al día (PPA de 2021) (%)",SI.POV.LMIC.GP,,,,,,,,,,,,,,,,,,,,,,,,,9.3,,,,,9.3,,,8.1,,8.4,,13.6,,13.8,,10.2,,8,,7.2,7.4,5.7,,6.4,,5.4,,4.8,,4.7,,2.9,,2.6,,2.7,,1.6,,
Islas Marshall,MHL,"Brecha de pobreza de 4,20 dólares al día (PPA de 2021) (%)",SI.POV.LMIC.GP,,,,,,,,,,,,,,,,,,,,,,,,,,,,,,,,,,,,,,,,,,,,,,,,,,,,,,,,,,,,1.5,,,,,
 Ingreso mediano,MIC,"Brecha de pobreza de 4,20 dólares al día (PPA de 2021) (%)",SI.POV.LMIC.GP,,,,,,,,,,,,,,,,,,,,,,,,,,,,,,,,,,,,,,,,,,,,,,,,,,,,,,,,,,,,,,,,,
Macedonia del Norte,MKD,"Brecha de pobreza de 4,20 dólares al día (PPA de 2021) (%)",SI.POV.LMIC.GP,,,,,,,,,,,,,,,,,,,,,,,,,,,,,,,,,,,,,,,2.1,,6.3,,1.9,1.9,1,2,2.8,,1.1,8.2,9.2,7.4,6,4.6,4.1,4.5,3.8,3.8,2.8,2.7,,,,,
Malí,MLI,"Brecha de pobreza de 4,20 dólares al día (PPA de 2021) (%)",SI.POV.LMIC.GP,,,,,,,,,,,,,,,,,,,,,,,,,,,,,,,,,,,68.3,,,,,,,43.8,,,,,39,,,37.7,,,,,,,,,16.8,,,20.8,,,
Malta,MLT,"Brecha de pobreza de 4,20 dólares al día (PPA de 2021) (%)",SI.POV.LMIC.GP,,,,,,,,,,,,,,,,,,,,,,,,,,,,,,,,,,,,,,,,,,,,,,,0.3,0.4,0.1,0.3,0.2,0.2,0.1,0,0,0.1,0.1,0.1,0.1,0.2,0.3,0.1,0.1,,
Myanmar,MMR,"Brecha de pobreza de 4,20 dólares al día (PPA de 2021) (%)",SI.POV.LMIC.GP,,,,,,,,,,,,,,,,,,,,,,,,,,,,,,,,,,,,,,,,,,,,,,,,,,,,,,,,11.6,,6.8,,,,,,,
Oriente Medio y Norte de África (excluido altos ingresos),MNA,"Brecha de pobreza de 4,20 dólares al día (PPA de 2021) (%)",SI.POV.LMIC.GP,,,,,,,,,,,,,,,,,,,,,,,,,,,,,,,,,,,,,,,,,,,,,,,,,,,,,,,,,,,,,,,,,
Montenegro,MNE,"Brecha de pobreza de 4,20 dólares al día (PPA de 2021) (%)",SI.POV.LMIC.GP,,,,,,,,,,,,,,,,,,,,,,,,,,,,,,,,,,,,,,,,,,,,,,0.3,0.2,0.2,0.2,0.1,0.1,0.3,3.7,3.2,2.5,2.3,2.6,3.2,2.6,1.6,1.7,1.7,,,
Mongolia,MNG,"Brecha de pobreza de 4,20 dólares al día (PPA de 2021) (%)",SI.POV.LMIC.GP,,,,,,,,,,,,,,,,,,,,,,,,,,,,,,,,,,,,13,,,24.2,,,,11.4,,,,,3,,,2.5,1.6,1,,0.7,,1.5,,1.3,,,,0.4,,
Mariana,MNP,"Brecha de pobreza de 4,20 dólares al día (PPA de 2021) (%)",SI.POV.LMIC.GP,,,,,,,,,,,,,,,,,,,,,,,,,,,,,,,,,,,,,,,,,,,,,,,,,,,,,,,,,,,,,,,,,
Mozambique,MOZ,"Brecha de pobreza de 4,20 dólares al día (PPA de 2021) (%)",SI.POV.LMIC.GP,,,,,,,,,,,,,,,,,,,,,,,,,,,,,,,,,,,,,66.9,,,,,,62.3,,,,,,55,,,,,,50.1,,,,,57.2,,,56.5,,
Mauritania,MRT,"Brecha de pobreza de 4,20 dólares al día (PPA de 2021) (%)",SI.POV.LMIC.GP,,,,,,,,,,,,,,,,,,,,,,,,,,,,33.5,,,,,,32.8,,19.3,,,,,18.4,,,,17,,,,11.8,,,,,,7.4,,,,,6.8,,,,,
Mauricio,MUS,"Brecha de pobreza de 4,20 dólares al día (PPA de 2021) (%)",SI.POV.LMIC.GP,,,,,,,,,,,,,,,,,,,,,,,,,,,,,,,,,,,,,,,,,,,,,,,0.8,,,,,,0.8,,,,,0.5,,,,,,,
Malawi,MWI,"Brecha de pobreza de 4,20 dólares al día (PPA de 2021) (%)",SI.POV.LMIC.GP,,,,,,,,,,,,,,,,,,,,,,,,,,,,,,,,,,,,,,39.1,,,,,,,46.4,,,,,,47.7,,,,,,44.3,,,47.6,,,,,
Malasia,MYS,"Brecha de pobreza de 4,20 dólares al día (PPA de 2021) (%)",SI.POV.LMIC.GP,,,,,,,,,,,,,,,,,,,,,,,,,3.9,,,3.5,,3.1,,,3.1,,,3.1,,1.5,,,,,,2.1,,,1.1,,1.2,,,0.3,,0.1,,0.1,,,0,,,0,,,
América del Norte,NAC,"Brecha de pobreza de 4,20 dólares al día (PPA de 2021) (%)",SI.POV.LMIC.GP,,,,,,,,,,,,,,,,,,,,,,0.4,0.5,0.4,0.4,0.4,0.4,0.3,0.3,0.3,0.3,0.4,0.4,0.4,0.5,0.4,0.4,0.5,0.5,0.5,0.5,0.6,0.6,0.7,0.7,0.7,0.7,0.7,0.7,0.6,0.8,0.7,0.7,0.7,0.9,0.8,0.8,0.9,0.7,0.7,0.2,0.2,0.9,0.8,0.8
Namibia,NAM,"Brecha de pobreza de 4,20 dólares al día (PPA de 2021) (%)",SI.POV.LMIC.GP,,,,,,,,,,,,,,,,,,,,,,,,,,,,,,,,,,43.2,,,,,,,,,,29.3,,,,,,23.1,,,,,,14.4,,,,,,,,,
Nueva Caledonia,NCL,"Brecha de pobreza de 4,20 dólares al día (PPA de 2021) (%)",SI.POV.LMIC.GP,,,,,,,,,,,,,,,,,,,,,,,,,,,,,,,,,,,,,,,,,,,,,,,,,,,,,,,,,,,,,,,,,
Níger,NER,"Brecha de pobreza de 4,20 dólares al día (PPA de 2021) (%)",SI.POV.LMIC.GP,,,,,,,,,,,,,,,,,,,,,,,,,,,,,,,,,58.5,,63.8,,,,,,,,,,,57.6,,53.5,,,,39.6,,,36.3,,,,34,,,33.8,,,
Nigeria,NGA,"Brecha de pobreza de 4,20 dólares al día (PPA de 2021) (%)",SI.POV.LMIC.GP,,,,,,,,,,,,,,,,,,,,,,,,,,31.7,,,,,,,36.5,,,,40.8,,,,,,,32.1,,,,,,,22.5,,21.9,,,21,,,20.3,,,,24.6,,
Nicaragua,NIC,"Brecha de pobreza de 4,20 dólares al día (PPA de 2021) (%)",SI.POV.LMIC.GP,,,,,,,,,,,,,,,,,,,,,,,,,,,,,,,,,,32.4,,,,,23.1,,,16.6,,,,10.2,,,,8.6,,,,,4.4,,,,,,,,,,
Países Bajos,NLD,"Brecha de pobreza de 4,20 dólares al día (PPA de 2021) (%)",SI.POV.LMIC.GP,,,,,,,,,,,,,,,,,,,,,,,,0.6,,,,0.3,,,0.8,,,1.1,,,,,,0.2,,,,,0.2,0.1,0,0,0.1,0.1,0,0.1,0.1,0.1,0.1,0,0,0.1,0.1,0.1,0,0.1,,,
Noruega,NOR,"Brecha de pobreza de 4,20 dólares al día (PPA de 2021) (%)",SI.POV.LMIC.GP,,,,,,,,,,,,,,,,,,,,0.2,,,,,,,0.1,,,,,0.3,,,,0.3,,,,,0.2,,,0.2,0.2,0.2,0.1,0.1,0.2,0.1,0.1,0.1,0.1,0.1,0.1,0.1,0.2,0.2,0.2,0.2,0.3,0.1,0.3,0.2,
Nepal,NPL,"Brecha de pobreza de 4,20 dólares al día (PPA de 2021) (%)",SI.POV.LMIC.GP,,,,,,,,,,,,,,,,,,,,,,,,,50.8,,,,,,,,,,,42.6,,,,,,,,32.8,,,,,,,12.7,,,,,,,,,,,,1.7,,
Nauru,NRU,"Brecha de pobreza de 4,20 dólares al día (PPA de 2021) (%)",SI.POV.LMIC.GP,,,,,,,,,,,,,,,,,,,,,,,,,,,,,,,,,,,,,,,,,,,,,,,,,,,,,5.4,,,,,,,,,,,,
Nueva Zelandia,NZL,"Brecha de pobreza de 4,20 dólares al día (PPA de 2021) (%)",SI.POV.LMIC.GP,,,,,,,,,,,,,,,,,,,,,,,,,,,,,,,,,,,,,,,,,,,,,,,,,,,,,,,,,,,,,,,,,
Miembros OCDE,OED,"Brecha de pobreza de 4,20 dólares al día (PPA de 2021) (%)",SI.POV.LMIC.GP,,,,,,,,,,,,,,,,,,,,,,,,,,,,,,,,,,,,,,,,,,,,,,,,,,,,,,,,,,,,,,,,,
Omán,OMN,"Brecha de pobreza de 4,20 dólares al día (PPA de 2021) (%)",SI.POV.LMIC.GP,,,,,,,,,,,,,,,,,,,,,,,,,,,,,,,,,,,,,,,,,,,,,,,,,,,,,,,,,,,,,,,,,
Otros Estados pequeos,OSS,"Brecha de pobreza de 4,20 dólares al día (PPA de 2021) (%)",SI.POV.LMIC.GP,,,,,,,,,,,,,,,,,,,,,,,,,,,,,,,,,,,,,,,,,,,,,,,,,,,,,,,,,,,,,,,,,
Pakistán,PAK,"Brecha de pobreza de 4,20 dólares al día (PPA de 2021) (%)",SI.POV.LMIC.GP,,,,,,,,,,,,,,,,,,,,,,,,,,,,49.8,,,48.9,,,,,,24.9,,28.2,,,30.9,,,23,22.9,,19.7,,,15.7,15.4,,12.9,,10.9,,,10.7,,,,,,
Panamá,PAN,"Brecha de pobreza de 4,20 dólares al día (PPA de 2021) (%)",SI.POV.LMIC.GP,,,,,,,,,,,,,,,,,,,,9.2,,,,,,,,,,22.8,,20.5,,,,16,,14.7,15,13.2,11.8,14.6,11.2,11,10.1,9.6,10.3,8.1,5.5,4.1,4.9,3.8,4.6,3.5,3.9,2.8,2.9,2.9,2.3,1.9,,2.2,,2.3,2
Perú,PER,"Brecha de pobreza de 4,20 dólares al día (PPA de 2021) (%)",SI.POV.LMIC.GP,,,,,,,,,,,,,,,,,,,,,,,,,,4,,,,,,,,,16,,,17.5,16.9,17.2,16.6,17.6,15.7,13.8,14.6,16.1,13.9,11.8,9.8,8.4,6.9,6.3,5.9,5.4,4.9,4.8,4.6,4.6,3.8,3.3,6.4,3.3,3.2,3.7,3.3
Filipinas,PHL,"Brecha de pobreza de 4,20 dólares al día (PPA de 2021) (%)",SI.POV.LMIC.GP,,,,,,,,,,,,,,,,,,,,,,,,,,25.5,,,23.8,,,23.8,,,22.7,,,17.8,,,15,,,14.4,,,15.3,,,12.9,,,12.6,,,8.9,,,5.4,,,5.3,,3.7,
Palau,PLW,"Brecha de pobreza de 4,20 dólares al día (PPA de 2021) (%)",SI.POV.LMIC.GP,,,,,,,,,,,,,,,,,,,,,,,,,,,,,,,,,,,,,,,,,,,,,,,,,,,,,,,,,,,,,,,,,
Papua Nueva Guinea,PNG,"Brecha de pobreza de 4,20 dólares al día (PPA de 2021) (%)",SI.POV.LMIC.GP,,,,,,,,,,,,,,,,,,,,,,,,,,,,,,,,,,,,,41.4,,,,,,,,,,,,,33.3,,,,,,,,,,,,,,,
Polonia,POL,"Brecha de pobreza de 4,20 dólares al día (PPA de 2021) (%)",SI.POV.LMIC.GP,,,,,,,,,,,,,,,,,,,,,,,,,,0,0.4,0,,0,,,0.3,0.5,,1.8,5.6,,0.2,0.7,0.3,0.3,0.3,0.2,2.1,1,0.7,0.5,0.2,0.3,0.4,0.4,0.3,0.4,0.4,0.4,0.2,0.3,0.2,0.1,0.1,0.1,0.2,0.2,
previa al dividendo demográfico,PRE,"Brecha de pobreza de 4,20 dólares al día (PPA de 2021) (%)",SI.POV.LMIC.GP,,,,,,,,,,,,,,,,,,,,,,,,,,,,,,,,,,,,,,,,,,,,,,,,,,,,,,,,,,,,,,,,,
Puerto Rico (US),PRI,"Brecha de pobreza de 4,20 dólares al día (PPA de 2021) (%)",SI.POV.LMIC.GP,,,,,,,,,,,,,,,,,,,,,,,,,,,,,,,,,,,,,,,,,,,,,,,,,,,,,,,,,,,,,,,,,
"Corea, República Popular Democrática de",PRK,"Brecha de pobreza de 4,20 dólares al día (PPA de 2021) (%)",SI.POV.LMIC.GP,,,,,,,,,,,,,,,,,,,,,,,,,,,,,,,,,,,,,,,,,,,,,,,,,,,,,,,,,,,,,,,,,
Portugal,PRT,"Brecha de pobreza de 4,20 dólares al día (PPA de 2021) (%)",SI.POV.LMIC.GP,,,,,,,,,,,,,,,,,,,,,,,,,,,,,,,,,,,,,,,,,,,,0.8,0.5,0.5,0.1,0.3,0.2,0.2,0.2,0.4,0.7,0.8,0.6,0.5,0.3,0.3,0.3,0.1,0.4,0.2,0.2,0.3,
Paraguay,PRY,"Brecha de pobreza de 4,20 dólares al día (PPA de 2021) (%)",SI.POV.LMIC.GP,,,,,,,,,,,,,,,,,,,,,,,,,,,,,,,1.7,,,,,11.7,,10,,9.7,,8.7,12.7,8.6,6.8,6.4,8.4,7.5,5.3,5.9,5.7,5.5,3.9,2.6,2.8,2.6,2.5,1.7,2,1.7,1.6,1.3,2.1,1.6,1.3
Ribera Occidental y Gaza,PSE,"Brecha de pobreza de 4,20 dólares al día (PPA de 2021) (%)",SI.POV.LMIC.GP,,,,,,,,,,,,,,,,,,,,,,,,,,,,,,,,,,,,,,,,,,,,,1.2,0.9,0.5,1.8,,0.5,0.5,0.4,,,,,1,,,,,,,1.4,
Estados pequeos de las Islas del Pacfico,PSS,"Brecha de pobreza de 4,20 dólares al día (PPA de 2021) (%)",SI.POV.LMIC.GP,,,,,,,,,,,,,,,,,,,,,,,,,,,,,,,,,,,,,,,,,,,,,,,,,,,,,,,,,,,,,,,,,
posterior al dividendo demográfico,PST,"Brecha de pobreza de 4,20 dólares al día (PPA de 2021) (%)",SI.POV.LMIC.GP,,,,,,,,,,,,,,,,,,,,,,,,,,,,,,,,,,,,,,,,,,,,,,,,,,,,,,,,,,,,,,,,,
Polinesia Francesa,PYF,"Brecha de pobreza de 4,20 dólares al día (PPA de 2021) (%)",SI.POV.LMIC.GP,,,,,,,,,,,,,,,,,,,,,,,,,,,,,,,,,,,,,,,,,,,,,,,,,,,,,,,,,,,,,,,,,
Qatar,QAT,"Brecha de pobreza de 4,20 dólares al día (PPA de 2021) (%)",SI.POV.LMIC.GP,,,,,,,,,,,,,,,,,,,,,,,,,,,,,,,,,,,,,,,,,,,,,,,,,,,,,,,,,,0,,,,,,,
Rumania,ROU,"Brecha de pobreza de 4,20 dólares al día (PPA de 2021) (%)",SI.POV.LMIC.GP,,,,,,,,,,,,,,,,,,,,,,,,,,,,,,0,,,0.2,,11.2,2.4,,2.8,2.6,7,7.7,6,5.9,4.6,3.4,2.7,6.9,5,3.8,3.3,4.1,4.9,5.3,5.9,5.9,4.7,3.2,3,2.3,1.9,1.6,1.3,1,0.5,
Federación de Rusia,RUS,"Brecha de pobreza de 4,20 dólares al día (PPA de 2021) (%)",SI.POV.LMIC.GP,,,,,,,,,,,,,,,,,,,,,,,,,,,,,,,,,,3.6,,,4.2,1.8,2.6,4.6,3.4,2.2,1.4,1.5,1.3,1,0.7,0.4,0.2,0.1,0.1,0.1,0.1,0.1,0.3,0.3,0.3,0.3,0.1,0.2,0.1,0.2,0.1,0.1,
Rwanda,RWA,"Brecha de pobreza de 4,20 dólares al día (PPA de 2021) (%)",SI.POV.LMIC.GP,,,,,,,,,,,,,,,,,,,,,,,,,,,,,,,,,,,,,,,,,56.2,,,,,49.3,,,,,44,,,39.9,,,39,,,,,,,21.9,
Asia meridional,SAS,"Brecha de pobreza de 4,20 dólares al día (PPA de 2021) (%)",SI.POV.LMIC.GP,,,,,,,,,,,,,,,,,,,,,,31.9,31,29.1,29,28.8,28.8,29,28.8,28.4,27.9,27.8,27.4,26.9,26.5,26.2,26.1,,,,,,25.5,25.2,24.9,24.1,22.8,21.6,20.9,19.9,17.8,16.3,15.1,13.9,12.5,,,,,,6.9,6,4.9,3.9,3.3
Arabia Saudita,SAU,"Brecha de pobreza de 4,20 dólares al día (PPA de 2021) (%)",SI.POV.LMIC.GP,,,,,,,,,,,,,,,,,,,,,,,,,,,,,,,,,,,,,,,,,,,,,,,,,,,,,,,,,,,,,,,,,
Sudán,SDN,"Brecha de pobreza de 4,20 dólares al día (PPA de 2021) (%)",SI.POV.LMIC.GP,,,,,,,,,,,,,,,,,,,,,,,,,,,,,,,,,,,,,,,,,,,,,,,,,,8.3,,,,,6.5,,,,,,,,,,
Senegal,SEN,"Brecha de pobreza de 4,20 dólares al día (PPA de 2021) (%)",SI.POV.LMIC.GP,,,,,,,,,,,,,,,,,,,,,,,,,,,,,,,,55.5,,,45.3,,,,,,,39.3,,,,32.7,,,,,,33,,,,,,,11.2,,,10.9,,,
Singapur,SGP,"Brecha de pobreza de 4,20 dólares al día (PPA de 2021) (%)",SI.POV.LMIC.GP,,,,,,,,,,,,,,,,,,,,,,,,,,,,,,,,,,,,,,,,,,,,,,,,,,,,,,,,,,,,,,,,,
Islas Salomón,SLB,"Brecha de pobreza de 4,20 dólares al día (PPA de 2021) (%)",SI.POV.LMIC.GP,,,,,,,,,,,,,,,,,,,,,,,,,,,,,,,,,,,,,,,,,,,,,,39.7,,,,,,,24.2,,,,,,,,,,,,
Sierra Leona,SLE,"Brecha de pobreza de 4,20 dólares al día (PPA de 2021) (%)",SI.POV.LMIC.GP,,,,,,,,,,,,,,,,,,,,,,,,,,,,,,,,,,,,,,,,,,,,45.5,,,,,,,,30.9,,,,,,,23.6,,,,,,
El Salvador,SLV,"Brecha de pobreza de 4,20 dólares al día (PPA de 2021) (%)",SI.POV.LMIC.GP,,,,,,,,,,,,,,,,,,,,,,,,,,,,,,17.7,,19.9,,,,13,14.1,,18.9,15.9,12,13.1,13.3,14.5,11.1,10.7,7.9,5.8,7.9,7.7,7,6.2,5.4,4.6,4.4,3.4,3.7,3,2.7,1.9,,3.6,3.5,3.1,
San Marino,SMR,"Brecha de pobreza de 4,20 dólares al día (PPA de 2021) (%)",SI.POV.LMIC.GP,,,,,,,,,,,,,,,,,,,,,,,,,,,,,,,,,,,,,,,,,,,,,,,,,,,,,,,,,,,,,,,,,
República Federal de Somalia,SOM,"Brecha de pobreza de 4,20 dólares al día (PPA de 2021) (%)",SI.POV.LMIC.GP,,,,,,,,,,,,,,,,,,,,,,,,,,,,,,,,,,,,,,,,,,,,,,,,,,,,,,,,,,,,,,,,,
Serbia,SRB,"Brecha de pobreza de 4,20 dólares al día (PPA de 2021) (%)",SI.POV.LMIC.GP,,,,,,,,,,,,,,,,,,,,,,,,,,,,,,,,,,,,,,,,,,,0.3,0.6,0.9,1.1,0.6,0.4,0.2,0.4,0.4,,5.1,5.7,6.6,6.2,6.1,4.9,2.8,2,1.4,1.3,1.5,,
África al sur del Sahara (excluido altos ingresos),SSA,"Brecha de pobreza de 4,20 dólares al día (PPA de 2021) (%)",SI.POV.LMIC.GP,,,,,,,,,,,,,,,,,,,,,,,,,,,,,,,,,,,,,,,,,,,,,,,,,,,,,,,,,,,,,,,,,
Sudán del Sur,SSD,"Brecha de pobreza de 4,20 dólares al día (PPA de 2021) (%)",SI.POV.LMIC.GP,,,,,,,,,,,,,,,,,,,,,,,,,,,,,,,,,,,,,,,,,,,,,,,,,,29.3,,,,,,,52.8,,,,,,,,
África al sur del Sahara,SSF,"Brecha de pobreza de 4,20 dólares al día (PPA de 2021) (%)",SI.POV.LMIC.GP,,,,,,,,,,,,,,,,,,,,,,,,,,,,,,,40.7,41.9,42.8,43.2,43.4,43.2,42.7,42.4,42.3,41.8,41.4,40.4,39.8,39,37,35.8,34.6,33.7,32.6,32.3,31,30.3,29.4,28.8,28.4,28.2,28.2,28.1,27.8,27.7,29,29.1,28.8,28.8,28.5
Pequeños Estados,SST,"Brecha de pobreza de 4,20 dólares al día (PPA de 2021) (%)",SI.POV.LMIC.GP,,,,,,,,,,,,,,,,,,,,,,,,,,,,,,,,,,,,,,,,,,,,,,,,,,,,,,,,,,,,,,,,,
Santo Tomé y Príncipe,STP,"Brecha de pobreza de 4,20 dólares al día (PPA de 2021) (%)",SI.POV.LMIC.GP,,,,,,,,,,,,,,,,,,,,,,,,,,,,,,,,,,,,,,,,,10.2,,,,,,,,,,11.3,,,,,,,8.3,,,,,,,
Suriname,SUR,"Brecha de pobreza de 4,20 dólares al día (PPA de 2021) (%)",SI.POV.LMIC.GP,,,,,,,,,,,,,,,,,,,,,,,,,,,,,,,,,,,,,,,,17.1,,,,,,,,,,,,,,,,,,,,,,,1.2,,
República Eslovaca,SVK,"Brecha de pobreza de 4,20 dólares al día (PPA de 2021) (%)",SI.POV.LMIC.GP,,,,,,,,,,,,,,,,,,,,,,,,,,,,,,,,,0,,,,1.3,,,,,,,,0.2,0.2,0.3,0.4,0.4,0.4,0.5,0.4,0.4,0.4,0.7,0.6,1.3,0.4,0.4,0.1,0.2,0.2,0.6,0.3,
Eslovenia,SVN,"Brecha de pobreza de 4,20 dólares al día (PPA de 2021) (%)",SI.POV.LMIC.GP,,,,,,,,,,,,,,,,,,,,,,,,,,,,0,,,,,,0,,,,0.1,0,0.1,,,0,0,0.1,0.1,0,0,0,0,0,0,0,0,0,0,0,0,0,0,0,0,0,0,
Suecia,SWE,"Brecha de pobreza de 4,20 dólares al día (PPA de 2021) (%)",SI.POV.LMIC.GP,,,,,,,,,,,,,,,,0.4,,,,,,0.3,,,,,,0.1,,,,,0.1,,,0.3,,,,,0.1,0.2,0,0.3,0.4,0.9,0.3,0.4,0.5,0.4,0.5,0.5,0.4,0.6,0.4,0.5,0.3,0.2,0.7,0.3,0.4,0.6,1,0.6,
Eswatini,SWZ,"Brecha de pobreza de 4,20 dólares al día (PPA de 2021) (%)",SI.POV.LMIC.GP,,,,,,,,,,,,,,,,,,,,,,,,,,,,,,,,,,,69.8,,,,,,41.4,,,,,,,,,37.6,,,,,,,27.5,,,,,,,,
Sint Maarten (Dutch part),SXM,"Brecha de pobreza de 4,20 dólares al día (PPA de 2021) (%)",SI.POV.LMIC.GP,,,,,,,,,,,,,,,,,,,,,,,,,,,,,,,,,,,,,,,,,,,,,,,,,,,,,,,,,,,,,,,,,
Seychelles,SYC,"Brecha de pobreza de 4,20 dólares al día (PPA de 2021) (%)",SI.POV.LMIC.GP,,,,,,,,,,,,,,,,,,,,,,,,,,,,,,,,,,,,,,,,1,,,,,,,0.6,,,,,,,1.2,,,,,0.5,,,,,,
República Árabe Siria,SYR,"Brecha de pobreza de 4,20 dólares al día (PPA de 2021) (%)",SI.POV.LMIC.GP,,,,,,,,,,,,,,,,,,,,,,,,,,,,,,,,,,,,,1,,,,,,,0.5,,,0.8,,,0.7,,,,,,,,,,,,,10.5,,
Islas Turcas y Caicos,TCA,"Brecha de pobreza de 4,20 dólares al día (PPA de 2021) (%)",SI.POV.LMIC.GP,,,,,,,,,,,,,,,,,,,,,,,,,,,,,,,,,,,,,,,,,,,,,,,,,,,,,,,,,,,,,,,,,
Chad,TCD,"Brecha de pobreza de 4,20 dólares al día (PPA de 2021) (%)",SI.POV.LMIC.GP,,,,,,,,,,,,,,,,,,,,,,,,,,,,,,,,,,,,,,,,,,,,42.3,,,,,,,,28.7,,,,,,,24.4,,,,23.2,,
Asia oriental y el Pacífico (BIRF y la AIF),TEA,"Brecha de pobreza de 4,20 dólares al día (PPA de 2021) (%)",SI.POV.LMIC.GP,,,,,,,,,,,,,,,,,,,,,,,,,,,,,,,,,,,,,,,,,,,,,,,,,,,,,,,,,,,,,,,,,
Europa y Asia central (BIRF y la AIF),TEC,"Brecha de pobreza de 4,20 dólares al día (PPA de 2021) (%)",SI.POV.LMIC.GP,,,,,,,,,,,,,,,,,,,,,,,,,,,,,,,,,,,,,,,,,,,,,,,,,,,,,,,,,,,,,,,,,
Togo,TGO,"Brecha de pobreza de 4,20 dólares al día (PPA de 2021) (%)",SI.POV.LMIC.GP,,,,,,,,,,,,,,,,,,,,,,,,,,,,,,,,,,,,,,,,,,,,,,,42.8,,,,,43,,,,39.9,,,21.3,,,20.2,,,
Tailandia,THA,"Brecha de pobreza de 4,20 dólares al día (PPA de 2021) (%)",SI.POV.LMIC.GP,,,,,,,,,,,,,,,,,,,,,,18.1,,,,,,,15,,12.6,,9.9,,6,,4.5,,4,5.5,5.5,,3.4,,2.4,,1.7,1.1,0.9,0.7,0.6,0.3,0.4,0.2,0.2,0.1,0.1,0.1,0.1,0.1,0.1,0.1,0,0,
Tayikistán,TJK,"Brecha de pobreza de 4,20 dólares al día (PPA de 2021) (%)",SI.POV.LMIC.GP,,,,,,,,,,,,,,,,,,,,,,,,,,,,,,,,,,,,,,,,48.6,,,,32.9,21.7,,,15.9,,10.2,,,,,,8.5,,,,,,5.9,5.5,4.7,4.1
Turkmenistán,TKM,"Brecha de pobreza de 4,20 dólares al día (PPA de 2021) (%)",SI.POV.LMIC.GP,,,,,,,,,,,,,,,,,,,,,,,,,,,,,,,,,,,,,,,21,,,,,,,,,,,,,,,,,,,,,,,,,,
América Latina y el Caribe (BIRF y la AIF),TLA,"Brecha de pobreza de 4,20 dólares al día (PPA de 2021) (%)",SI.POV.LMIC.GP,,,,,,,,,,,,,,,,,,,,,,,,,,,,,,,,,,,,,,,,,,,,,,,,,,,,,,,,,,,,,,,,,
Timor-Leste,TLS,"Brecha de pobreza de 4,20 dólares al día (PPA de 2021) (%)",SI.POV.LMIC.GP,,,,,,,,,,,,,,,,,,,,,,,,,,,,,,,,,,,,,,,,,,32.8,,,,,,33.9,,,,,,,24.9,,,,,,,,,,
Oriente Medio y Norte de África (BIRF y la AIF),TMN,"Brecha de pobreza de 4,20 dólares al día (PPA de 2021) (%)",SI.POV.LMIC.GP,,,,,,,,,,,,,,,,,,,,,,,,,,,,,,,,,,,,,,,,,,,,,,,,,,,,,,,,,,,,,,,,,
Tonga,TON,"Brecha de pobreza de 4,20 dólares al día (PPA de 2021) (%)",SI.POV.LMIC.GP,,,,,,,,,,,,,,,,,,,,,,,,,,,,,,,,,,,,,,,,,2.9,,,,,,,,,2.5,,,,,,3.3,,,,,,0.4,,,
Asia meridional (BIRF y la AIF),TSA,"Brecha de pobreza de 4,20 dólares al día (PPA de 2021) (%)",SI.POV.LMIC.GP,,,,,,,,,,,,,,,,,,,,,,,,,,,,,,,,,,,,,,,,,,,,,,,,,,,,,,,,,,,,,,,,,
África al sur del Sahara (BIRF y la AIF),TSS,"Brecha de pobreza de 4,20 dólares al día (PPA de 2021) (%)",SI.POV.LMIC.GP,,,,,,,,,,,,,,,,,,,,,,,,,,,,,,,,,,,,,,,,,,,,,,,,,,,,,,,,,,,,,,,,,
Trinidad y Tobago,TTO,"Brecha de pobreza de 4,20 dólares al día (PPA de 2021) (%)",SI.POV.LMIC.GP,,,,,,,,,,,,,,,,,,,,,,,,,,,,,0.8,,,,2,,,,,,,,,,,,,,,,,,,,,,,,,,,,,,,,
Túnez,TUN,"Brecha de pobreza de 4,20 dólares al día (PPA de 2021) (%)",SI.POV.LMIC.GP,,,,,,,,,,,,,,,,,,,,,,,,,,12.7,,,,,9.6,,,,,10.1,,,,,6.1,,,,,3.8,,,,,2,,,,,0.5,,,,,,0.5,,,
Turquía,TUR,"Brecha de pobreza de 4,20 dólares al día (PPA de 2021) (%)",SI.POV.LMIC.GP,,,,,,,,,,,,,,,,,,,,,,,,,,,,5.3,,,,,,,5.8,,,,,,,,4.7,6.1,4,3.9,3.1,2.5,2.1,1.8,1.7,1.4,1.2,1,0.8,0.9,0.6,0.7,0.7,0.8,0.8,0.7,0.3,,
Tuvalu,TUV,"Brecha de pobreza de 4,20 dólares al día (PPA de 2021) (%)",SI.POV.LMIC.GP,,,,,,,,,,,,,,,,,,,,,,,,,,,,,,,,,,,,,,,,,,,,,,,,,,,5.5,,,,,,,,,,,,,,
Tanzanía,TZA,"Brecha de pobreza de 4,20 dólares al día (PPA de 2021) (%)",SI.POV.LMIC.GP,,,,,,,,,,,,,,,,,,,,,,,,,,,,,,,,45.8,,,,,,,,,59.8,,,,,,,37.7,,,,29.7,,,,,,,29.6,,,,,,
Uganda,UGA,"Brecha de pobreza de 4,20 dólares al día (PPA de 2021) (%)",SI.POV.LMIC.GP,,,,,,,,,,,,,,,,,,,,,,,,,,,,,,48.8,,,52.1,,,,50.9,,,53.8,,,51.9,,,46.2,,,,38.9,,,33.6,,,,36.5,,,36.3,,,,,
Ucrania,UKR,"Brecha de pobreza de 4,20 dólares al día (PPA de 2021) (%)",SI.POV.LMIC.GP,,,,,,,,,,,,,,,,,,,,,,,,,,,,,,,,,5.2,3.6,,8.5,9.5,,,14.8,,,4.5,2.6,2.1,0.9,0.6,0.4,0.2,0.2,0.1,0.1,0.1,0.1,0.1,0.2,0.2,0.1,0.1,0.1,0,,,,
Ingreso mediano alto,UMC,"Brecha de pobreza de 4,20 dólares al día (PPA de 2021) (%)",SI.POV.LMIC.GP,,,,,,,,,,,,,,,,,,,,,,,,,41.7,39.7,37.8,36.5,34.2,37.6,37,36.3,35.4,34.3,31.7,29.4,27.8,27.8,28.2,26.9,25.2,23.7,21.3,19.3,17.3,15.1,14.2,12.9,12.1,11.2,9.9,8.2,7,4.9,4.3,3.6,3.1,2.8,2.4,2.1,1.9,1.9,1.7,1.5,1.4
Uruguay,URY,"Brecha de pobreza de 4,20 dólares al día (PPA de 2021) (%)",SI.POV.LMIC.GP,,,,,,,,,,,,,,,,,,,,,,0.4,,,,,,,,0.7,,,0.6,,,0.5,0.6,0.5,0.6,,0.5,0.6,0.7,1,1.2,1.1,0.8,0.6,0.4,0.4,0.3,0.2,0.2,0.2,0.2,0.2,0.1,0.1,0.1,0.1,0.2,0.1,0.2,0.2,0.1
Estados Unidos,USA,"Brecha de pobreza de 4,20 dólares al día (PPA de 2021) (%)",SI.POV.LMIC.GP,,,,1.2,1.2,1,0.9,0.8,0.7,0.6,0.9,0.7,0.7,0.7,0.7,0.6,0.5,0.5,0.5,0.5,0.4,0.5,0.6,0.6,0.5,0.5,0.5,0.5,0.4,0.4,0.4,0.4,0.5,0.5,0.5,0.5,0.6,0.6,0.7,0.6,0.6,0.8,0.7,0.9,0.9,0.9,0.9,0.9,0.9,0.8,1,0.9,0.9,0.9,1.1,1,1,1.1,0.9,0.9,0.3,0.3,1.2,1,
Uzbekistán,UZB,"Brecha de pobreza de 4,20 dólares al día (PPA de 2021) (%)",SI.POV.LMIC.GP,,,,,,,,,,,,,,,,,,,,,,,,,,,,,,,,,,,,,,,55.2,,68.1,,66,67.7,,,,,,,,,,,,,,,,,,3,2.9,2.7,1.8
San Vicente y las Granadinas,VCT,"Brecha de pobreza de 4,20 dólares al día (PPA de 2021) (%)",SI.POV.LMIC.GP,,,,,,,,,,,,,,,,,,,,,,,,,,,,,,,,,,,,,,,,,,,,,,,,,,,,,,,,,,,,,,,,,
Venezuela,VEN,"Brecha de pobreza de 4,20 dólares al día (PPA de 2021) (%)",SI.POV.LMIC.GP,,,,,,,,,,,,,,,,,,,,,,6.5,,,,,,6.9,,5.4,,,4.8,,,9.8,,,10.2,11.3,,10,15.2,18.2,15.4,13.5,7,,,,,,,,,,,,,,,,,,
Islas Vírgenes Británicas,VGB,"Brecha de pobreza de 4,20 dólares al día (PPA de 2021) (%)",SI.POV.LMIC.GP,,,,,,,,,,,,,,,,,,,,,,,,,,,,,,,,,,,,,,,,,,,,,,,,,,,,,,,,,,,,,,,,,
Islas Vírgenes (EE.UU.),VIR,"Brecha de pobreza de 4,20 dólares al día (PPA de 2021) (%)",SI.POV.LMIC.GP,,,,,,,,,,,,,,,,,,,,,,,,,,,,,,,,,,,,,,,,,,,,,,,,,,,,,,,,,,,,,,,,,
Viet Nam,VNM,"Brecha de pobreza de 4,20 dólares al día (PPA de 2021) (%)",SI.POV.LMIC.GP,,,,,,,,,,,,,,,,,,,,,,,,,,,,,,,,,33,,,,,21.8,,,,,24.5,,18.2,,14,,11.2,,3.4,,2.3,,2.2,,1.5,,1.4,,0.9,,1.1,,
Vanuatu,VUT,"Brecha de pobreza de 4,20 dólares al día (PPA de 2021) (%)",SI.POV.LMIC.GP,,,,,,,,,,,,,,,,,,,,,,,,,,,,,,,,,,,,,,,,,,,,,,,,,,,15.1,,,,,,,,,11.6,,,,,
Mundo,WLD,"Brecha de pobreza de 4,20 dólares al día (PPA de 2021) (%)",SI.POV.LMIC.GP,,,,,,,,,,,,,,,,,,,,,,,,,28.6,27.9,27.2,26.8,25.8,27.2,26.9,26.7,26.2,25.8,24.8,23.8,23,22.8,23.1,22.6,22,21.3,20.3,19.3,18.1,16.9,16.1,15.2,14.5,13.9,12.7,11.7,10.9,9.6,9.1,8.5,8,7.7,7.3,,7.4,7.3,7,6.8,6.7
Samoa,WSM,"Brecha de pobreza de 4,20 dólares al día (PPA de 2021) (%)",SI.POV.LMIC.GP,,,,,,,,,,,,,,,,,,,,,,,,,,,,,,,,,,,,,,,,,,,3.8,,,,,,2.5,,,,,2.7,,,,,,,,,,,
Kosovo,XKX,"Brecha de pobreza de 4,20 dólares al día (PPA de 2021) (%)",SI.POV.LMIC.GP,,,,,,,,,,,,,,,,,,,,,,,,,,,,,,,,,,,,,,,,,,,,7.9,,8.9,8.4,,,6.8,6.7,4.7,2.7,1.7,2.4,1.6,1.8,11.1,14.6,7.5,12.7,17.1,7.5,,
"Yemen, Rep. del",YEM,"Brecha de pobreza de 4,20 dólares al día (PPA de 2021) (%)",SI.POV.LMIC.GP,,,,,,,,,,,,,,,,,,,,,,,,,,,,,,,,,,,,,,,9.4,,,,,,,12.9,,,,,,,,,19.8,,,,,,,,,,
Sudáfrica,ZAF,"Brecha de pobreza de 4,20 dólares al día (PPA de 2021) (%)",SI.POV.LMIC.GP,,,,,,,,,,,,,,,,,,,,,,,,,,,,,,,,,,28.3,,,,,,,31.1,,,,,25.8,,,18.3,,17.9,,,,19.4,,,,,,,,,,
Zambia,ZMB,"Brecha de pobreza de 4,20 dólares al día (PPA de 2021) (%)",SI.POV.LMIC.GP,,,,,,,,,,,,,,,,,,,,,,,,,,,,,,,,48.5,,47.3,,,36.2,,37,,,,42.4,,47.9,,50.8,,,,49.4,,,,,48.2,,,,,,,50.4,,
Zimbabwe,ZWE,"Brecha de pobreza de 4,20 dólares al día (PPA de 2021) (%)",SI.POV.LMIC.GP,,,,,,,,,,,,,,,,,,,,,,,,,,,,,,,,,,,,,,,,,,,,,,,,,,,,21,,,,,,26,,30,,,,,
